Residue (chain+name+position), buriedness (angstrom)
A MG1, 21.76
ALEU255, 1.17
AALA256, 1.04
ALYS257, 0.91
AASP258, 2.09
AALA259, 2.28
ATRP260, 6.01
AGLU261, 4.24
AILE262, 6.31
APRO263, 4.16
AARG264, 4.80
AGLU265, 3.22
ASER266, 7.43
ALEU267, 9.93
AARG268, 10.87
ALEU269, 10.90
AGLU270, 13.72
AVAL271, 15.91
ALYS272, 14.93
ALEU273, 19.70
AGLY274, 17.73
AGLN275, 15.29
AGLY276, 15.54
ACYS277, 13.86
APHE278, 12.58
AGLY279, 13.54
AGLU280, 13.05
AVAL281, 17.49
ATRP282, 13.66
AMET283, 17.90
AGLY284, 16.14
ATHR285, 13.87
ATRP286, 11.78
AASN287, 9.46
AGLY288, 11.10
ATHR289, 13.77
ATHR290, 15.56
AARG291, 20.02
AVAL292, 17.73
AALA293, 18.87
AILE294, 15.11
ALYS295, 16.90
ATHR296, 12.19
ALEU297, 9.52
ALYS298, 8.72
APRO299, 5.25
AGLY300, 4.74
ATHR301, 7.93
AMET302, 8.94
ASER303, 6.16
APRO304, 6.17
AGLU305, 5.39
AALA306, 8.74
APHE307, 12.12
ALEU308, 10.26
AGLN309, 9.53
AGLU310, 14.28
AALA311, 10.41
AGLN312, 6.81
AVAL313, 9.38
AMET314, 11.30
ALYS315, 6.13
ALYS316, 4.32
ALEU317, 8.87
AARG318, 7.96
AHIS319, 9.66
AGLU320, 11.02
ALYS321, 13.50
ALEU322, 13.73
AVAL323, 16.83
AGLN324, 13.01
ALEU325, 11.35
ATYR326, 13.16
AALA327, 10.84
AVAL328, 8.89
AVAL329, 7.66
ASER330, 5.39
AGLU331, 2.93
AGLU332, 2.91
APRO333, 5.39
AILE334, 8.57
ATYR335, 9.91
AILE336, 14.33
AVAL337, 14.05
AILE338, 17.15
AGLU339, 17.67
ATYR340, 22.46
AMET341, 23.06
ASER342, 26.67
ALYS343, 27.48
AGLY344, 27.33
ASER345, 27.84
ALEU346, 24.24
ALEU347, 26.39
AASP348, 28.53
APHE349, 26.51
ALEU350, 24.38
ALYS351, 26.39
AGLY352, 27.73
AGLU353, 27.77
AMET354, 27.48
AGLY355, 24.00
ALYS356, 22.87
ATYR357, 23.26
ALEU358, 21.28
AARG359, 17.23
ALEU360, 14.13
APRO361, 13.78
AGLN362, 17.24
ALEU363, 17.59
AVAL364, 12.85
AASP365, 13.22
AMET366, 17.24
AALA367, 14.01
AALA368, 11.31
AGLN369, 13.98
AILE370, 15.22
AALA371, 10.95
ASER372, 9.72
AGLY373, 11.00
AMET374, 11.41
AALA375, 7.00
ATYR376, 7.02
AVAL377, 8.95
AGLU378, 5.37
AARG379, 3.16
AMET380, 4.21
AASN381, 3.36
ATYR382, 7.29
AVAL383, 11.33
AHIS384, 15.94
AARG385, 13.68
AASP386, 19.36
ALEU387, 17.99
AARG388, 22.07
AALA389, 23.59
AALA390, 25.77
AASN391, 22.72
AILE392, 21.74
ALEU393, 23.04
AVAL394, 23.79
AGLY395, 22.82
AGLU396, 22.79
AASN397, 19.34
ALEU398, 19.55
AVAL399, 18.58
ACYS400, 18.40
ALYS401, 17.78
AVAL402, 16.96
AALA403, 19.40
AASP404, 19.27
APHE405, 14.89
AGLY406, 14.65
ALEU407, 13.95
AALA408, 12.30
AARG409, 9.52
ALEU410, 4.82
AILE411, 5.46
AGLU412, 2.07
AASP413, 1.27
AASN414, 2.26
AGLU415, 4.49
ATHR417, 4.29
AALA418, 5.89
AARG419, 4.99
AGLN420, 1.86
AGLY421, 5.28
AALA422, 7.92
ALYS423, 10.18
APHE424, 12.65
APRO425, 16.25
AILE426, 13.23
ALYS427, 16.91
ATRP428, 19.52
ATHR429, 13.90
AALA430, 10.85
APRO431, 8.07
AGLU432, 6.54
AALA433, 8.76
AALA434, 8.76
ALEU435, 5.22
ATYR436, 2.45
AGLY437, 5.98
AARG438, 3.82
APHE439, 10.10
ATHR440, 8.46
AILE441, 8.14
ALYS442, 6.78
ASER443, 11.50
AASP444, 12.88
AVAL445, 10.34
ATRP446, 11.82
ASER447, 16.03
APHE448, 13.51
AGLY449, 13.79
AILE450, 15.82
ALEU451, 18.12
ALEU452, 14.56
ATHR453, 15.16
AGLU454, 19.81
ALEU455, 18.49
ATHR456, 15.23
ATHR457, 17.35
ALYS458, 20.39
AGLY459, 21.89
AARG460, 17.72
AVAL461, 19.59
APRO462, 17.29
ATYR463, 13.43
APRO464, 14.84
AGLY465, 15.47
AMET466, 13.40
AVAL467, 14.22
AASN468, 13.54
AARG469, 8.08
AGLU470, 10.39
AVAL471, 11.51
ALEU472, 8.12
AASP473, 5.34
AGLN474, 5.88
AVAL475, 7.36
AGLU476, 2.49
AARG477, 1.65
AGLY478, 2.96
ATYR479, 6.45
AARG480, 6.14
AMET481, 9.99
APRO482, 7.41
ACYS483, 7.09
APRO484, 10.36
APRO485, 11.04
AGLU486, 10.73
ACYS487, 9.25
APRO488, 7.50
AGLU489, 3.47
ASER490, 5.09
ALEU491, 9.26
AHIS492, 6.43
AASP493, 3.63
ALEU494, 7.67
AMET495, 9.64
ACYS496, 5.73
AGLN497, 5.17
ACYS498, 9.45
ATRP499, 9.44
AARG500, 4.18
ALYS501, 2.66
AASP502, 2.34
APRO503, 4.64
AGLU504, 1.89
AGLU505, 1.73
AARG506, 6.61
APRO507, 4.96
ATHR508, 3.75
APHE509, 8.54
AGLU510, 2.37
ATYR511, 2.47
ALEU512, 7.11
AGLN513, 6.54
AALA514, 3.71
APHE515, 4.86
ALEU516, 8.60
AGLU517, 5.85
AASP518, 2.96
ATYR519, 7.04
APHE520, 7.83
ATHR521, 1.76
ASER522, 0.55
ATHR523, 2.94
AGLU524, 4.90
APRO525, 2.67
AGLN526, 2.75
ATYR527, 9.59
AGLN528, 6.82
APRO529, 11.10
AGLY530, 11.49
AGLU531, 12.11
AASN532, 15.24
ALEU533, 13.92
AHOH536, 9.28
AHOH538, 4.58
AHOH540, 16.75
AHOH542, 15.91
AHOH544, 13.71
AHOH546, 14.01
AHOH548, 24.10
AHOH550, 21.68
AHOH552, 2.69
AHOH554, 10.93
AHOH556, 14.10
AHOH558, 2.25
AHOH560, 6.61
AHOH562, 25.34
AHOH564, 13.93
AHOH566, 4.96
AHOH568, 14.54
AHOH570, 16.54
AHOH572, 3.75
AHOH574, 15.49
AHOH576, 1.96
AHOH578, 12.06
AHOH580, 7.03
AHOH582, 14.35
AHOH584, 27.82
AHOH586, 28.01
AHOH588, 10.21
AHOH590, 15.08
AHOH592, 6.86
AHOH594, 10.91
AHOH596, 29.42
AHOH598, 1.07
AHOH600, 4.38
AHOH602, 9.71
AHOH604, 17.82
AHOH606, 11.31
AHOH608, 16.09
AHOH610, 5.82
AHOH612, 27.79
AHOH614, 10.79
AHOH616, 3.93
AHOH618, 4.46
AHOH620, 9.95
AHOH622, 0.73
AHOH624, 3.68
AHOH626, 16.66
AHOH628, 2.18
AHOH630, 0.00
AHOH632, 3.16
AHOH634, 3.95
AHOH636, 6.91
AHOH638, 5.81
AHOH640, 19.92
AHOH642, 9.28
AHOH644, 15.70
AHOH646, 13.27
AHOH648, 12.96
AHOH650, 11.62
AHOH652, 4.23
AHOH654, 2.55
AHOH656, 4.70
AHOH658, 2.84
AHOH660, 6.32
AHOH662, 24.74
AHOH664, 9.62
AHOH666, 11.37
AHOH668, 3.64
AHOH670, 29.45
AHOH672, 3.04
AHOH674, 21.34
AHOH676, 3.72
AHOH678, 6.55
AHOH680, 9.13
AHOH682, 7.41
AHOH684, 9.46
AHOH686, 2.66
AHOH688, 1.11
AHOH690, 12.90
AHOH692, 13.70
AHOH694, 13.65
AHOH696, 19.97
AHOH698, 13.07
AHOH700, 1.29
AHOH702, 18.23
AHOH704, 18.12
AHOH706, 0.88
AHOH708, 7.60
AHOH710, 5.42
AHOH712, 1.43
AHOH714, 1.69
AHOH716, 3.04
AHOH718, 6.42
AHOH720, 7.39
AHOH722, 14.17
AHOH724, 9.49
AHOH726, 24.48
AHOH728, 0.00
AHOH730, 26.78
AHOH732, 9.06
AHOH734, 21.88
B MG2, 23.70
BLEU255, 1.06
BALA256, 0.98
BLYS257, 0.69
BASP258, 2.16
BALA259, 2.37
BTRP260, 6.02
BGLU261, 3.80
BILE262, 5.88
BPRO263, 3.65
BARG264, 3.96
BGLU265, 2.56
BSER266, 6.97
BLEU267, 9.23
BARG268, 10.29
BLEU269, 10.11
BGLU270, 13.14
BVAL271, 15.46
BLYS272, 14.32
BLEU273, 18.86
BGLY274, 17.15
BGLN275, 14.60
BGLY276, 14.92
BCYS277, 13.58
BPHE278, 12.48
BGLY279, 12.79
BGLU280, 12.30
BVAL281, 16.72
BTRP282, 12.98
BMET283, 17.21
BGLY284, 15.28
BTHR285, 13.35
BTRP286, 11.29
BASN287, 8.90
BGLY288, 10.82
BTHR289, 13.39
BTHR290, 15.06
BARG291, 19.45
BVAL292, 17.08
BALA293, 17.99
BILE294, 14.21
BLYS295, 16.06
BTHR296, 11.33
BLEU297, 8.90
BLYS298, 7.69
BPRO299, 4.55
BGLY300, 4.41
BTHR301, 7.57
BMET302, 8.96
BSER303, 6.05
BPRO304, 6.12
BGLU305, 5.44
BALA306, 9.07
BPHE307, 11.85
BLEU308, 9.85
BGLN309, 9.24
BGLU310, 14.37
BALA311, 10.44
BGLN312, 6.81
BVAL313, 9.46
BMET314, 11.40
BLYS315, 6.17
BLYS316, 4.44
BLEU317, 9.06
BARG318, 8.10
BHIS319, 9.33
BGLU320, 10.73
BLYS321, 13.22
BLEU322, 13.42
BVAL323, 16.99
BGLN324, 13.16
BLEU325, 11.43
BTYR326, 13.31
BALA327, 10.51
BVAL328, 8.28
BVAL329, 7.21
BSER330, 4.90
BGLU331, 2.38
BGLU332, 1.93
BPRO333, 4.54
BILE334, 7.73
BTYR335, 9.03
BILE336, 13.92
BVAL337, 13.65
BILE338, 17.23
BGLU339, 17.82
BTYR340, 22.02
BMET341, 22.97
BSER342, 26.18
BLYS343, 27.32
BGLY344, 26.95
BSER345, 27.60
BLEU346, 24.40
BLEU347, 26.18
BASP348, 28.33
BPHE349, 26.68
BLEU350, 23.94
BLYS351, 26.11
BGLY352, 27.71
BGLU353, 27.91
BMET354, 27.65
BGLY355, 23.91
BLYS356, 22.86
BTYR357, 23.21
BLEU358, 21.33
BARG359, 17.02
BLEU360, 13.73
BPRO361, 14.37
BGLN362, 17.72
BLEU363, 17.71
BVAL364, 13.54
BASP365, 13.60
BMET366, 17.58
BALA367, 14.43
BALA368, 11.57
BGLN369, 14.03
BILE370, 15.27
BALA371, 11.00
BSER372, 9.59
BGLY373, 10.82
BMET374, 11.30
BALA375, 6.87
BTYR376, 6.70
BVAL377, 8.75
BGLU378, 5.30
BARG379, 3.00
BMET380, 4.13
BASN381, 3.77
BTYR382, 7.36
BVAL383, 11.23
BHIS384, 15.83
BARG385, 14.29
BASP386, 19.89
BLEU387, 17.93
BARG388, 22.09
BALA389, 23.68
BALA390, 25.88
BASN391, 22.80
BILE392, 21.55
BLEU393, 22.83
BVAL394, 23.63
BGLY395, 22.72
BGLU396, 22.79
BASN397, 19.51
BLEU398, 19.88
BVAL399, 18.43
BCYS400, 18.28
BLYS401, 17.44
BVAL402, 16.75
BALA403, 19.51
BASP404, 19.54
BPHE405, 15.05
BGLY406, 15.01
BLEU407, 14.89
BALA408, 12.40
BARG409, 9.86
BLEU410, 4.97
BILE411, 5.44
BGLU412, 2.22
BASP413, 1.08
BASN414, 2.19
BGLU415, 4.52
BTHR417, 4.61
BALA418, 6.61
BARG419, 6.54
BGLN420, 3.40
BGLY421, 7.16
BALA422, 9.53
BLYS423, 11.38
BPHE424, 12.98
BPRO425, 16.47
BILE426, 13.47
BLYS427, 17.33
BTRP428, 19.69
BTHR429, 14.11
BALA430, 11.24
BPRO431, 8.56
BGLU432, 6.78
BALA433, 8.75
BALA434, 8.85
BLEU435, 5.40
BTYR436, 2.51
BGLY437, 6.08
BARG438, 3.85
BPHE439, 10.06
BTHR440, 8.47
BILE441, 8.16
BLYS442, 6.64
BSER443, 11.59
BASP444, 12.84
BVAL445, 10.34
BTRP446, 11.99
BSER447, 16.08
BPHE448, 13.84
BGLY449, 13.65
BILE450, 15.58
BLEU451, 18.23
BLEU452, 14.49
BTHR453, 14.87
BGLU454, 19.52
BLEU455, 18.52
BTHR456, 14.89
BTHR457, 16.92
BLYS458, 20.04
BGLY459, 21.58
BARG460, 17.48
BVAL461, 19.53
BPRO462, 17.21
BTYR463, 13.41
BPRO464, 14.89
BGLY465, 15.58
BMET466, 13.54
BVAL467, 14.66
BASN468, 13.96
BARG469, 8.50
BGLU470, 11.15
BVAL471, 12.27
BLEU472, 8.82
BASP473, 6.53
BGLN474, 6.39
BVAL475, 7.74
BGLU476, 3.67
BARG477, 2.49
BGLY478, 2.96
BTYR479, 6.39
BARG480, 6.09
BMET481, 9.88
BPRO482, 7.28
BCYS483, 6.78
BPRO484, 10.01
BPRO485, 10.55
BGLU486, 10.46
BCYS487, 8.76
BPRO488, 6.91
BGLU489, 2.96
BSER490, 4.56
BLEU491, 8.80
BHIS492, 6.05
BASP493, 3.36
BLEU494, 7.69
BMET495, 9.33
BCYS496, 5.49
BGLN497, 4.99
BCYS498, 9.40
BTRP499, 9.24
BARG500, 4.01
BLYS501, 3.32
BASP502, 2.60
BPRO503, 4.78
BGLU504, 1.66
BGLU505, 1.67
BARG506, 6.65
BPRO507, 5.15
BTHR508, 3.83
BPHE509, 8.58
BGLU510, 2.42
BTYR511, 2.93
BLEU512, 7.53
BGLN513, 6.66
BALA514, 4.11
BPHE515, 5.69
BLEU516, 9.24
BGLU517, 6.35
BASP518, 3.56
BTYR519, 7.46
BPHE520, 8.46
BTHR521, 2.37
BSER522, 1.21
BTHR523, 3.33
BGLU524, 4.72
BPRO525, 3.02
BGLN526, 2.18
BTYR527, 8.83
BGLN528, 6.45
BPRO529, 10.05
BGLY530, 11.43
BGLU531, 12.06
BASN532, 15.32
BLEU533, 13.73
BHOH536, 2.15
BHOH538, 3.83
BHOH540, 10.44
BHOH542, 14.33
BHOH544, 9.75
BHOH546, 4.63
BHOH548, 7.40
BHOH550, 7.10
BHOH552, 19.36
BHOH554, 16.01
BHOH556, 16.93
BHOH558, 16.74
BHOH560, 4.10
BHOH562, 16.72
BHOH564, 17.67
BHOH566, 13.73
BHOH568, 4.44
BHOH570, 23.90
BHOH572, 15.22
BHOH574, 18.62
BHOH576, 10.78
BHOH578, 25.03
BHOH580, 0.00
BHOH582, 14.05
BHOH584, 2.11
BHOH586, 14.34
BHOH588, 27.25
BHOH590, 11.72
BHOH592, 10.15
BHOH594, 23.46
BHOH596, 5.13
BHOH598, 8.12
BHOH600, 21.31
BHOH602, 10.94
BHOH604, 6.51
BHOH606, 23.07
BHOH608, 2.85
BHOH610, 6.02
BHOH612, 9.76
BHOH614, 4.69
BHOH616, 4.10
BHOH618, 4.05
BHOH620, 23.22
BHOH622, 24.18
BHOH624, 0.18
BHOH626, 13.80
BHOH628, 0.00
BHOH630, 3.56
BHOH632, 16.01
BHOH634, 14.82
BHOH636, 24.70
BHOH638, 5.73
BHOH640, 9.75
BHOH642, 2.62
BHOH644, 1.09
BHOH646, 0.00
BHOH648, 9.37
BHOH650, 3.12
BHOH652, 11.02
BHOH654, 22.47
BHOH656, 8.34
BHOH658, 0.00
BHOH660, 4.63
BHOH662, 0.87
BHOH664, 28.96
BHOH666, 29.66
BHOH668, 7.91
BHOH670, 0.47
BHOH672, 10.80
BHOH674, 0.00
BHOH676, 17.64
BHOH678, 3.67
BHOH680, 14.95
BHOH682, 12.61
BHOH684, 3.02
BHOH686, 11.62
BHOH688, 3.30
BHOH690, 2.46
BHOH692, 12.72
BHOH694, 6.10
BHOH696, 11.66
BHOH698, 22.99
BHOH700, 27.73
BHOH702, 2.04
BHOH704, 11.36
BHOH706, 15.83
BHOH708, 5.90
BHOH710, 21.27
BHOH712, 8.56
BHOH714, 6.67
BHOH716, 2.86
BHOH718, 15.08
BHOH720, 8.37
BHOH722, 11.22
BHOH724, 0.28
CASP258, 1.09
CALA259, 0.66
CTRP260, 5.05
CGLU261, 2.42
CILE262, 3.71
CPRO263, 1.97
CARG264, 2.54
CGLU265, 1.05
CSER266, 3.19
CLEU267, 5.99
CARG268, 2.02
CLEU269, 2.86
CGLU270, 1.02
CVAL271, 1.52
CLYS272, 1.33
CLEU273, 4.80
CGLY274, 4.59
CGLN275, 2.44
CGLY276, 4.85
CCYS277, 4.88
CPHE278, 6.66
CGLY279, 5.80
CGLU280, 4.03
CVAL281, 7.74
CTRP282, 3.69
CMET283, 4.46
CGLY284, 5.08
CTHR285, 3.67
CTRP286, 4.31
CASN287, 0.93
CGLY288, 0.56
CTHR289, 0.64
CTHR290, 4.09
CARG291, 3.61
CVAL292, 8.23
CALA293, 10.86
CILE294, 8.77
CLYS295, 11.06
CTHR296, 6.19
CLEU297, 5.39
CLYS298, 1.97
CPRO299, 0.54
C MG3, 11.40
CGLY300, 0.36
CTHR301, 2.65
CMET302, 6.02
CSER303, 5.06
CPRO304, 5.11
CGLU305, 5.55
CALA306, 9.22
CPHE307, 10.08
CLEU308, 9.64
CGLN309, 11.65
CGLU310, 14.79
CALA311, 11.10
CGLN312, 8.25
CVAL313, 12.46
CMET314, 12.80
CLYS315, 7.42
CLYS316, 8.28
CLEU317, 12.59
CARG318, 8.78
CHIS319, 13.39
CGLU320, 12.64
CLYS321, 15.81
CLEU322, 15.85
CVAL323, 15.50
CGLN324, 10.33
CLEU325, 10.04
CTYR326, 7.90
CALA327, 7.62
CVAL328, 6.90
CVAL329, 6.47
CSER330, 4.95
CGLU331, 2.44
CGLU332, 1.76
CPRO333, 1.70
CILE334, 6.12
CTYR335, 6.20
CILE336, 12.32
CVAL337, 10.47
CILE338, 13.22
CGLU339, 11.82
CTYR340, 7.47
CMET341, 10.48
CSER342, 6.24
CLYS343, 6.75
CGLY344, 9.48
CSER345, 9.14
CLEU346, 11.30
CLEU347, 7.44
CASP348, 5.12
CPHE349, 7.71
CLEU350, 7.58
CLYS351, 2.78
CGLY352, 2.31
CGLU353, 1.39
CMET354, 4.61
CGLY355, 5.35
CLYS356, 2.15
CTYR357, 2.97
CLEU358, 8.44
CARG359, 6.84
CLEU360, 12.37
CPRO361, 10.57
CGLN362, 9.39
CLEU363, 13.14
CVAL364, 15.88
CASP365, 13.34
CMET366, 14.28
CALA367, 18.65
CALA368, 18.26
CGLN369, 15.53
CILE370, 19.68
CALA371, 21.83
CSER372, 18.90
CGLY373, 18.93
CMET374, 21.54
CALA375, 18.59
CTYR376, 14.07
CVAL377, 17.71
CGLU378, 19.01
CARG379, 14.12
CMET380, 12.28
CASN381, 13.37
CTYR382, 14.23
CVAL383, 19.14
CHIS384, 20.32
CARG385, 17.62
CASP386, 16.25
CLEU387, 18.37
CARG388, 12.19
CALA389, 12.16
CALA390, 10.91
CASN391, 14.17
CILE392, 15.10
CLEU393, 13.86
CVAL394, 11.19
CGLY395, 8.18
CGLU396, 4.34
CASN397, 4.84
CLEU398, 8.58
CVAL399, 10.45
CCYS400, 14.32
CLYS401, 15.07
CVAL402, 19.80
CALA403, 17.62
CASP404, 15.79
CPHE405, 18.08
CGLY406, 16.05
CLEU407, 15.65
CALA408, 16.67
CARG409, 14.80
CLEU410, 11.53
CILE411, 14.49
CGLU412, 11.61
CASP413, 12.57
CASN414, 15.83
CGLU415, 17.69
CTHR417, 14.48
CALA418, 12.66
CARG419, 8.46
CGLN420, 6.21
CGLY421, 5.98
CALA422, 8.56
CLYS423, 6.92
CPHE424, 12.45
CPRO425, 12.19
CILE426, 10.89
CLYS427, 9.60
CTRP428, 12.58
CTHR429, 15.94
CALA430, 18.26
CPRO431, 17.03
CGLU432, 19.19
CALA433, 16.25
CALA434, 13.01
CLEU435, 12.87
CTYR436, 14.92
CGLY437, 15.37
CARG438, 18.83
CPHE439, 18.24
CTHR440, 22.20
CILE441, 22.10
CLYS442, 24.87
CSER443, 22.26
CASP444, 22.83
CVAL445, 23.89
CTRP446, 18.68
CSER447, 18.49
CPHE448, 20.51
CGLY449, 17.61
CILE450, 14.68
CLEU451, 15.47
CLEU452, 16.37
CTHR453, 11.86
CGLU454, 10.98
CLEU455, 12.85
CTHR456, 10.82
CTHR457, 7.21
CLYS458, 6.43
CGLY459, 6.26
CARG460, 3.39
CVAL461, 5.37
CPRO462, 8.34
CTYR463, 8.51
CPRO464, 3.37
CGLY465, 0.87
CMET466, 3.89
CVAL467, 3.24
CASN468, 6.41
CARG469, 3.40
CGLU470, 3.99
CVAL471, 8.99
CLEU472, 11.12
CASP473, 7.96
CGLN474, 7.23
CVAL475, 12.31
CGLU476, 12.47
CARG477, 8.40
CGLY478, 11.75
CTYR479, 8.25
CARG480, 12.85
CMET481, 9.88
CPRO482, 7.67
CCYS483, 8.81
CPRO484, 8.56
CPRO485, 5.36
CGLU486, 6.56
CCYS487, 10.76
CPRO488, 13.18
CGLU489, 13.03
CSER490, 17.19
CLEU491, 16.70
CHIS492, 13.48
CASP493, 18.22
CLEU494, 20.47
CMET495, 16.40
CCYS496, 17.19
CGLN497, 21.75
CCYS498, 20.98
CTRP499, 16.45
CARG500, 21.86
CLYS501, 19.74
CASP502, 24.92
CPRO503, 25.52
CGLU504, 25.61
CGLU505, 25.74
CARG506, 24.41
CPRO507, 26.19
CTHR508, 23.97
CPHE509, 23.52
CGLU510, 19.66
CTYR511, 25.59
CLEU512, 24.67
CGLN513, 20.72
CALA514, 21.60
CPHE515, 22.38
CLEU516, 20.07
CGLU517, 17.22
CASP518, 17.74
CTYR519, 16.88
CPHE520, 12.86
CTHR521, 14.33
CSER522, 17.62
CTHR523, 17.69
CGLU524, 14.10
CPRO525, 11.71
CGLN526, 8.30
CTYR527, 9.22
CGLN528, 4.65
CPRO529, 5.20
CGLY530, 4.00
CGLU531, 2.01
CASN532, 4.35
CLEU533, 8.53
CHOH536, 2.31
CHOH538, 16.98
CHOH540, 20.12
CHOH542, 12.54
CHOH544, 14.62
CHOH546, 16.31
CHOH548, 12.40
CHOH550, 20.67
CHOH552, 12.80
CHOH554, 12.13
CHOH556, 17.86
CHOH558, 15.22
CHOH560, 9.55
CHOH562, 12.06
CHOH564, 21.51
CHOH566, 19.45
CHOH568, 23.97
CHOH570, 16.02
CHOH572, 8.85
CHOH574, 12.32
CHOH576, 0.63
CHOH578, 25.58
CHOH582, 25.19
CHOH584, 16.25
CHOH586, 6.93
CHOH588, 9.71
CHOH590, 7.93
CHOH592, 4.29
CHOH594, 18.44
CHOH596, 24.26
CHOH598, 6.67
CHOH600, 11.18
CHOH602, 13.12
CHOH604, 10.82
CHOH606, 6.48
CHOH608, 8.41
CHOH610, 17.11
CHOH612, 19.18
CHOH614, 16.40
CHOH616, 14.87
CHOH618, 1.24
CHOH620, 5.11
CHOH622, 15.70
CHOH624, 13.37
CHOH626, 1.00
CHOH628, 1.14
CHOH630, 0.87
CHOH632, 11.72
CHOH635, 11.87
CHOH637, 11.13
CHOH639, 10.31
CHOH642, 3.06
CHOH644, 0.00
CHOH646, 6.89
CHOH648, 2.05
CHOH650, 15.84
CHOH652, 14.89
CHOH654, 27.70
CHOH656, 0.00
CHOH658, 8.86
CHOH660, 0.36
CHOH662, 26.05
CHOH664, 20.21
CHOH666, 8.78
CHOH668, 7.18
CHOH670, 4.51
DLYS257, 0.64
DASP258, 2.62
DALA259, 1.03
DTRP260, 5.41
DGLU261, 3.64
DILE262, 4.11
DPRO263, 2.23
DARG264, 2.93
DGLU265, 1.04
DSER266, 3.26
DLEU267, 6.08
DARG268, 2.04
DLEU269, 2.83
DGLU270, 0.94
DVAL271, 1.58
DLYS272, 1.32
DLEU273, 4.94
DGLY274, 4.49
DGLN275, 2.81
DGLY276, 4.49
DCYS277, 4.40
DPHE278, 6.47
DGLY279, 5.44
DGLU280, 3.86
DVAL281, 7.70
DTRP282, 3.66
DMET283, 4.40
DGLY284, 4.94
DTHR285, 3.63
DTRP286, 4.63
DASN287, 1.18
DGLY288, 0.68
DTHR289, 0.97
DTHR290, 4.41
DARG291, 3.63
DVAL292, 8.21
DALA293, 10.70
DILE294, 8.57
DLYS295, 10.90
DTHR296, 6.11
DLEU297, 5.53
DLYS298, 2.02
DPRO299, 0.71
DGLY300, 0.46
DTHR301, 2.68
DMET302, 6.11
DSER303, 5.50
DPRO304, 5.50
DGLU305, 5.03
DALA306, 9.53
DPHE307, 10.30
DLEU308, 9.41
DGLN309, 11.61
DGLU310, 15.26
DALA311, 12.66
DGLN312, 9.89
DVAL313, 13.89
DMET314, 13.35
DLYS315, 8.37
DLYS316, 8.50
DLEU317, 12.92
DARG318, 9.69
DHIS319, 13.96
DGLU320, 13.56
DLYS321, 16.57
DLEU322, 16.51
DVAL323, 15.98
DGLN324, 11.72
DLEU325, 10.55
DTYR326, 8.49
DALA327, 8.01
DVAL328, 8.07
DVAL329, 7.33
DSER330, 5.24
DGLU331, 2.31
DGLU332, 1.70
DPRO333, 2.09
DILE334, 6.49
DTYR335, 6.48
DILE336, 12.52
DVAL337, 10.88
DILE338, 13.52
DGLU339, 12.15
DTYR340, 7.41
DMET341, 10.56
DSER342, 6.17
DLYS343, 6.67
DGLY344, 9.84
DSER345, 9.37
DLEU346, 11.76
DLEU347, 7.74
DASP348, 5.45
DPHE349, 8.08
DLEU350, 8.13
DLYS351, 3.45
DGLY352, 2.94
DGLU353, 1.51
DMET354, 4.44
DGLY355, 5.90
DLYS356, 2.73
DTYR357, 3.02
DLEU358, 8.52
DARG359, 6.65
DLEU360, 12.47
DPRO361, 10.94
DGLN362, 9.61
DLEU363, 13.51
DVAL364, 16.22
DASP365, 13.76
DMET366, 14.49
DALA367, 18.91
DALA368, 18.72
DGLN369, 15.95
DILE370, 20.03
DALA371, 22.20
DSER372, 19.36
DGLY373, 19.20
DMET374, 21.68
DALA375, 18.71
DTYR376, 14.21
DVAL377, 17.91
DGLU378, 19.08
DARG379, 13.99
DMET380, 12.66
DASN381, 14.35
DTYR382, 15.49
DVAL383, 20.55
DHIS384, 20.48
DARG385, 17.42
DASP386, 16.11
DLEU387, 18.49
DARG388, 12.72
DALA389, 12.45
DALA390, 10.99
DASN391, 14.14
DILE392, 15.38
DLEU393, 14.03
DVAL394, 11.12
DGLY395, 8.18
DGLU396, 4.58
DASN397, 5.29
DLEU398, 8.77
DVAL399, 10.73
D MG4, 10.49
DCYS400, 14.51
DLYS401, 15.37
DVAL402, 20.09
DALA403, 17.61
DASP404, 15.78
DPHE405, 18.57
DGLY406, 15.99
DLEU407, 15.57
DALA408, 17.59
DARG409, 15.29
DLEU410, 13.06
DILE411, 15.83
DGLU412, 12.45
DASP413, 13.65
DASN414, 17.19
DGLU415, 17.97
DTHR417, 14.28
DALA418, 12.76
DARG419, 9.18
DGLN420, 6.36
DGLY421, 5.45
DALA422, 8.04
DLYS423, 6.77
DPHE424, 11.85
DPRO425, 11.83
DILE426, 11.40
DLYS427, 9.68
DTRP428, 12.59
DTHR429, 15.66
DALA430, 18.07
DPRO431, 16.93
DGLU432, 19.01
DALA433, 15.97
DALA434, 12.78
DLEU435, 12.81
DTYR436, 14.83
DGLY437, 15.10
DARG438, 18.42
DPHE439, 18.03
DTHR440, 23.08
DILE441, 23.02
DLYS442, 25.50
DSER443, 22.13
DASP444, 22.96
DVAL445, 24.07
DTRP446, 18.88
DSER447, 18.73
DPHE448, 20.71
DGLY449, 17.84
DILE450, 14.90
DLEU451, 15.79
DLEU452, 16.74
DTHR453, 12.24
DGLU454, 11.13
DLEU455, 13.22
DTHR456, 11.41
DTHR457, 7.63
DLYS458, 6.91
DGLY459, 6.48
DARG460, 4.40
DVAL461, 5.50
DPRO462, 8.50
DTYR463, 8.67
DPRO464, 3.56
DGLY465, 1.75
DMET466, 3.93
DVAL467, 3.19
DASN468, 6.13
DARG469, 3.07
DGLU470, 4.05
DVAL471, 8.85
DLEU472, 10.99
DASP473, 8.24
DGLN474, 7.25
DVAL475, 12.33
DGLU476, 12.69
DARG477, 8.14
DGLY478, 11.67
DTYR479, 8.16
DARG480, 12.86
DMET481, 10.00
DPRO482, 7.75
DCYS483, 8.98
DPRO484, 8.74
DPRO485, 5.58
DGLU486, 6.84
DCYS487, 10.93
DPRO488, 13.22
DGLU489, 13.03
DSER490, 17.28
DLEU491, 16.93
DHIS492, 13.59
DASP493, 18.06
DLEU494, 20.60
DMET495, 16.53
DCYS496, 17.29
DGLN497, 21.81
DCYS498, 21.13
DTRP499, 16.57
DARG500, 21.81
DLYS501, 19.81
DASP502, 25.04
DPRO503, 25.46
DGLU504, 26.30
DGLU505, 25.80
DARG506, 24.50
DPRO507, 26.20
DTHR508, 23.79
DPHE509, 23.58
DGLU510, 19.57
DTYR511, 25.53
DLEU512, 25.04
DGLN513, 20.99
DALA514, 21.97
DPHE515, 22.99
DLEU516, 20.63
DGLU517, 17.89
DASP518, 18.43
DTYR519, 17.46
DPHE520, 13.65
DTHR521, 15.73
DSER522, 18.64
DTHR523, 18.09
DGLU524, 14.30
DPRO525, 12.38
DGLN526, 8.57
DTYR527, 9.13
DGLN528, 4.75
DPRO529, 5.27
DGLY530, 4.36
DGLU531, 1.97
DASN532, 5.17
DLEU533, 8.90
DHOH536, 17.15
DHOH538, 20.97
DHOH540, 18.96
DHOH542, 25.22
DHOH544, 16.41
DHOH546, 12.56
DHOH548, 4.44
DHOH550, 11.53
DHOH552, 19.00
DHOH554, 23.88
DHOH556, 0.00
DHOH558, 0.57
DHOH560, 13.27
DHOH562, 21.92
DHOH564, 24.17
DHOH566, 18.06
DHOH568, 14.32
DHOH570, 22.89
DHOH572, 13.37
DHOH574, 10.38
DHOH576, 2.70
DHOH578, 11.51
DHOH580, 12.26
DHOH582, 1.75
DHOH584, 3.51
DHOH586, 7.78
DHOH588, 0.00
DHOH590, 14.80
DHOH592, 0.08
DHOH594, 16.99
DHOH596, 7.91
DHOH598, 4.36
DHOH600, 14.68
DHOH602, 5.56
DHOH604, 1.95
DHOH606, 23.06
DHOH608, 3.13
DHOH610, 12.15
DHOH612, 13.29
DHOH614, 16.04
DHOH616, 15.66
DHOH618, 24.93
DHOH620, 5.08
DHOH622, 0.00
DHOH624, 11.20
DHOH626, 15.51
DHOH628, 7.00
DHOH630, 10.60
DHOH632, 10.44
DHOH634, 22.31
DHOH636, 7.75
DHOH638, 0.00
